{"cameraMode":{"drawMode":0,"name":"Shaded","section":"Shading Mode"},"sceneLighting":false,"audioPlay":false,"sceneViewState":{"m_AlwaysRefresh":false,"showFog":true,"showSkybox":false,"showFlares":true,"showImageEffects":true,"showParticleSystems":true,"showVisualEffectGraphs":true,"m_FxEnabled":true},"in2DMode":false,"pivot":{"x":-0.023032009601593019,"y":0.08958237618207932,"z":-0.0035108327865600588},"rotation":{"x":-0.011908810585737229,"y":-0.9516671895980835,"z":0.037129320204257968,"w":-0.3047548532485962},"size":0.6726595163345337,"orthographic":false}