{"cameraMode":{"drawMode":0,"name":"Shaded","section":"Shading Mode"},"sceneLighting":true,"audioPlay":false,"sceneViewState":{"m_AlwaysRefresh":false,"showFog":true,"showSkybox":true,"showFlares":true,"showImageEffects":true,"showParticleSystems":true,"showVisualEffectGraphs":true,"m_FxEnabled":true},"in2DMode":false,"pivot":{"x":-151.9866485595703,"y":3.231574058532715,"z":1.5565084218978882},"rotation":{"x":-0.055739738047122958,"y":-0.9261430501937866,"z":0.1513614058494568,"w":-0.34101468324661257},"size":1.6636179685592652,"orthographic":false}