{"cameraMode":{"drawMode":0,"name":"Shaded","section":"Shading Mode"},"sceneLighting":false,"audioPlay":false,"sceneViewState":{"m_AlwaysRefresh":false,"showFog":true,"showSkybox":false,"showFlares":true,"showImageEffects":true,"showParticleSystems":true,"showVisualEffectGraphs":true,"m_FxEnabled":true},"in2DMode":false,"pivot":{"x":-0.16178172826766969,"y":1.3193775415420533,"z":0.13982796669006349},"rotation":{"x":-0.011908810585737229,"y":-0.9516671895980835,"z":0.037129320204257968,"w":-0.3047548532485962},"size":1.6794503927230836,"orthographic":false}